filename,year,term,exam
files.csv,,,
2553\term 2\final\370132.pdf,2553,term 2,final
2553\term 2\final\370136.pdf,2553,term 2,final
2553\term 2\final\370152.pdf,2553,term 2,final
2553\term 2\final\370159.pdf,2553,term 2,final
2553\term 2\final\370253.pdf,2553,term 2,final
2553\term 2\final\371154.pdf,2553,term 2,final
2553\term 2\final\371156.pdf,2553,term 2,final
2553\term 2\final\371158.pdf,2553,term 2,final
2553\term 2\final\373221.pdf,2553,term 2,final
2553\term 2\final\373222.pdf,2553,term 2,final
2553\term 2\final\373251.pdf,2553,term 2,final
2553\term 2\final\373252.pdf,2553,term 2,final
2553\term 2\final\373321.pdf,2553,term 2,final
2553\term 2\final\373357.pdf,2553,term 2,final
2553\term 2\final\373359.pdf,2553,term 2,final
2553\term 2\final\373422.pdf,2553,term 2,final
2553\term 2\final\373484.pdf,2553,term 2,final
2553\term 2\final\373494.pdf,2553,term 2,final
2553\term 2\final\385356.pdf,2553,term 2,final
2553\term 2\final\392132.pdf,2553,term 2,final
2553\term 2\final\392134.pdf,2553,term 2,final
2553\term 2\final\392136.pdf,2553,term 2,final
2553\term 2\final\392152.pdf,2553,term 2,final
2553\term 2\final\392154.pdf,2553,term 2,final
2553\term 2\final\392156.pdf,2553,term 2,final
2553\term 2\final\393142.pdf,2553,term 2,final
2553\term 2\final\393144.pdf,2553,term 2,final
2553\term 2\final\393146.pdf,2553,term 2,final
2553\term 2\final\393162.pdf,2553,term 2,final
2553\term 2\final\393352.pdf,2553,term 2,final
2553\term 2\final\394172.pdf,2553,term 2,final
2553\term 2\final\394174.pdf,2553,term 2,final
2553\term 2\final\394176.pdf,2553,term 2,final
2553\term 2\final\394351.pdf,2553,term 2,final
2553\term 2\final\394352.pdf,2553,term 2,final
2553\term 2\final\394353.pdf,2553,term 2,final
2553\term 2\final\395181.pdf,2553,term 2,final
2553\term 2\final\395183.pdf,2553,term 2,final
2553\term 2\final\395352.pdf,2553,term 2,final
2553\term 2\final\395358.pdf,2553,term 2,final
2553\term 2\final\395360.pdf,2553,term 2,final
2553\term 2\final\395362.pdf,2553,term 2,final
2553\term 2\final\395366.pdf,2553,term 2,final
2553\term 2\final\395367.pdf,2553,term 2,final
2553\term 2\final\395372.pdf,2553,term 2,final
2553\term 2\final\396121.pdf,2553,term 2,final
2553\term 2\final\350224.pdf,2553,term 2,final
2553\term 2\final\350255.pdf,2553,term 2,final
2553\term 2\final\350261.pdf,2553,term 2,final
2553\term 2\final\351354.pdf,2553,term 2,final
2553\term 2\final\351453.pdf,2553,term 2,final
2553\term 2\final\351457.pdf,2553,term 2,final
2553\term 2\final\352336.pdf,2553,term 2,final
2553\term 2\final\352362.pdf,2553,term 2,final
2553\term 2\final\353153.pdf,2553,term 2,final
2553\term 2\final\353155.pdf,2553,term 2,final
2553\term 2\final\353156.pdf,2553,term 2,final
2553\term 2\final\353326.pdf,2553,term 2,final
2553\term 2\final\353352.pdf,2553,term 2,final
2553\term 2\final\353355.pdf,2553,term 2,final
2553\term 2\final\354332.pdf,2553,term 2,final
2553\term 2\final\354354.pdf,2553,term 2,final
2553\term 2\final\355338.pdf,2553,term 2,final
2553\term 2\final\355354.pdf,2553,term 2,final
2553\term 2\final\356332.pdf,2553,term 2,final
2553\term 2\final\356333.pdf,2553,term 2,final
2553\term 2\final\356351.pdf,2553,term 2,final
2553\term 2\final\356431.pdf,2553,term 2,final
2553\term 2\final\356451.pdf,2553,term 2,final
2553\term 2\final\356461.pdf,2553,term 2,final
2553\term 2\final\357334.pdf,2553,term 2,final
2553\term 2\final\357335.pdf,2553,term 2,final
2553\term 2\final\357351.pdf,2553,term 2,final
2553\term 2\final\357354.pdf,2553,term 2,final
2553\term 2\final\357355.pdf,2553,term 2,final
2553\term 2\final\357357.pdf,2553,term 2,final
2553\term 2\final\357362.pdf,2553,term 2,final
2553\term 2\final\357363.pdf,2553,term 2,final
2553\term 2\final\358332.pdf,2553,term 2,final
2553\term 2\final\358336.pdf,2553,term 2,final
2553\term 2\final\358355.pdf,2553,term 2,final
2553\term 2\final\358361.pdf,2553,term 2,final
2553\term 2\final\358363.pdf,2553,term 2,final
2553\term 2\final\359336.pdf,2553,term 2,final
2553\term 2\final\359338.pdf,2553,term 2,final
2553\term 2\final\359339.pdf,2553,term 2,final
2553\term 2\final\359352.pdf,2553,term 2,final
2553\term 2\final\359354.pdf,2553,term 2,final
2553\term 2\final\359357.pdf,2553,term 2,final
2553\term 2\final\359360.pdf,2553,term 2,final
2553\term 2\final\361231.pdf,2553,term 2,final
2553\term 2\final\361325.pdf,2553,term 2,final
2553\term 2\final\332334.pdf,2553,term 2,final
2553\term 2\final\332353.pdf,2553,term 2,final
2553\term 2\final\332356.pdf,2553,term 2,final
2553\term 2\final\336143.pdf,2553,term 2,final
2553\term 2\final\336151.pdf,2553,term 2,final
2553\term 2\final\336153.pdf,2553,term 2,final
2553\term 2\final\336161.pdf,2553,term 2,final
2553\term 2\final\336232.pdf,2553,term 2,final
2553\term 2\final\336243.pdf,2553,term 2,final
2553\term 2\final\336244.pdf,2553,term 2,final
2553\term 2\final\336253.pdf,2553,term 2,final
2553\term 2\final\336271.pdf,2553,term 2,final
2553\term 2\final\336474.pdf,2553,term 2,final
2553\term 2\final\340131.pdf,2553,term 2,final
2553\term 2\final\340134.pdf,2553,term 2,final
2553\term 2\final\340141.pdf,2553,term 2,final
2553\term 2\final\340152.pdf,2553,term 2,final
2553\term 2\final\340254.pdf,2553,term 2,final
2553\term 2\final\340258.pdf,2553,term 2,final
2553\term 2\final\340351.pdf,2553,term 2,final
2553\term 2\final\340451.pdf,2553,term 2,final
2553\term 2\final\340452.pdf,2553,term 2,final
2553\term 2\final\340491.pdf,2553,term 2,final
2553\term 2\final\340492.pdf,2553,term 2,final
2553\term 2\final\341132.pdf,2553,term 2,final
2553\term 2\final\341152.pdf,2553,term 2,final
2553\term 2\final\341251.pdf,2553,term 2,final
2553\term 2\final\341277.pdf,2553,term 2,final
2553\term 2\final\341351.pdf,2553,term 2,final
2553\term 2\final\341356.pdf,2553,term 2,final
2553\term 2\final\341357.pdf,2553,term 2,final
2553\term 2\final\341360.pdf,2553,term 2,final
2553\term 2\final\341361.pdf,2553,term 2,final
2553\term 2\final\341363.pdf,2553,term 2,final
2553\term 2\final\341372.pdf,2553,term 2,final
2553\term 2\final\341374.pdf,2553,term 2,final
2553\term 2\final\341376.pdf,2553,term 2,final
2553\term 2\final\341454.pdf,2553,term 2,final
2553\term 2\final\341494.pdf,2553,term 2,final
2553\term 2\final\342351.pdf,2553,term 2,final
2553\term 2\final\342355.pdf,2553,term 2,final
2553\term 2\final\342358.pdf,2553,term 2,final
2553\term 2\final\343156.pdf,2553,term 2,final
2553\term 2\final\343158.pdf,2553,term 2,final
2553\term 2\final\350130.pdf,2553,term 2,final
2553\term 2\final\350143.pdf,2553,term 2,final
2553\term 2\final\320253.pdf,2553,term 2,final
2553\term 2\final\321151.pdf,2553,term 2,final
2553\term 2\final\321223.pdf,2553,term 2,final
2553\term 2\final\321261.pdf,2553,term 2,final
2553\term 2\final\321322.pdf,2553,term 2,final
2553\term 2\final\321352.pdf,2553,term 2,final
2553\term 2\final\321354.pdf,2553,term 2,final
2553\term 2\final\321422.pdf,2553,term 2,final
2553\term 2\final\321495.pdf,2553,term 2,final
2553\term 2\final\322315.pdf,2553,term 2,final
2553\term 2\final\322323.pdf,2553,term 2,final
2553\term 2\final\322353.pdf,2553,term 2,final
2553\term 2\final\322354.pdf,2553,term 2,final
2553\term 2\final\322459.pdf,2553,term 2,final
2553\term 2\final\322460.pdf,2553,term 2,final
2553\term 2\final\324341.pdf,2553,term 2,final
2553\term 2\final\324342.pdf,2553,term 2,final
2553\term 2\final\324352.pdf,2553,term 2,final
2553\term 2\final\324353.pdf,2553,term 2,final
2553\term 2\final\325322.pdf,2553,term 2,final
2553\term 2\final\325333.pdf,2553,term 2,final
2553\term 2\final\325335.pdf,2553,term 2,final
2553\term 2\final\325346.pdf,2553,term 2,final
2553\term 2\final\325352.pdf,2553,term 2,final
2553\term 2\final\325353.pdf,2553,term 2,final
2553\term 2\final\325363.pdf,2553,term 2,final
2553\term 2\final\325373.pdf,2553,term 2,final
2553\term 2\final\325384.pdf,2553,term 2,final
2553\term 2\final\325392.pdf,2553,term 2,final
2553\term 2\final\325393.pdf,2553,term 2,final
2553\term 2\final\331151.pdf,2553,term 2,final
2553\term 2\final\331250.pdf,2553,term 2,final
2553\term 2\final\331333.pdf,2553,term 2,final
2553\term 2\final\331352.pdf,2553,term 2,final
2553\term 2\final\331354.pdf,2553,term 2,final
2553\term 2\final\331361.pdf,2553,term 2,final
2553\term 2\final\331364.pdf,2553,term 2,final
2553\term 2\final\331367.1.pdf,2553,term 2,final
2553\term 2\final\331367.pdf,2553,term 2,final
2553\term 2\final\331368.pdf,2553,term 2,final
2553\term 2\final\331463.pdf,2553,term 2,final
2553\term 2\final\331465.pdf,2553,term 2,final
2553\term 2\final\331466.pdf,2553,term 2,final
2553\term 2\final\332313.pdf,2553,term 2,final
2553\term 2\final\332314.pdf,2553,term 2,final
2553\term 2\final\332332.pdf,2553,term 2,final
2553\term 2\final\311132.pdf,2553,term 2,final
2553\term 2\final\311134.pdf,2553,term 2,final
2553\term 2\final\311136.pdf,2553,term 2,final
2553\term 2\final\311137.pdf,2553,term 2,final
2553\term 2\final\312252.pdf,2553,term 2,final
2553\term 2\final\312353.pdf,2553,term 2,final
2553\term 2\final\313151.pdf,2553,term 2,final
2553\term 2\final\313252.pdf,2553,term 2,final
2553\term 2\final\313254.pdf,2553,term 2,final
2553\term 2\final\313355.pdf,2553,term 2,final
2553\term 2\final\313356.pdf,2553,term 2,final
2553\term 2\final\314252.pdf,2553,term 2,final
2553\term 2\final\314262.pdf,2553,term 2,final
2553\term 2\final\315252.pdf,2553,term 2,final
2553\term 2\final\315271.pdf,2553,term 2,final
2553\term 2\final\315337.pdf,2553,term 2,final
2553\term 2\final\315364.pdf,2553,term 2,final
2553\term 2\final\315382.pdf,2553,term 2,final
2553\term 2\final\315384.pdf,2553,term 2,final
2553\term 2\final\315486.pdf,2553,term 2,final
2553\term 2\final\317351.pdf,2553,term 2,final
2553\term 2\final\317359.pdf,2553,term 2,final
2553\term 2\final\317502.pdf,2553,term 2,final
2553\term 2\final\317503.pdf,2553,term 2,final
2553\term 2\final\317504.pdf,2553,term 2,final
2553\term 2\final\317505.pdf,2553,term 2,final
2553\term 2\final\317506.pdf,2553,term 2,final
2553\term 2\final\317546.pdf,2553,term 2,final
2553\term 2\final\317547.pdf,2553,term 2,final
2553\term 2\final\317558.pdf,2553,term 2,final
2553\term 2\final\317571.pdf,2553,term 2,final
2553\term 2\final\317572.pdf,2553,term 2,final
2553\term 2\final\317573.pdf,2553,term 2,final
2553\term 2\final\317575.pdf,2553,term 2,final
2553\term 2\final\317586.pdf,2553,term 2,final
2553\term 2\final\317589.pdf,2553,term 2,final
2553\term 2\final\317590.pdf,2553,term 2,final
2553\term 2\final\318326.pdf,2553,term 2,final
2553\term 2\final\318352.pdf,2553,term 2,final
2553\term 2\final\318424.pdf,2553,term 2,final
2553\term 2\final\318434.pdf,2553,term 2,final
2553\term 2\final\319221.pdf,2553,term 2,final
2553\term 2\final\319261.pdf,2553,term 2,final
2553\term 2\final\319323.pdf,2553,term 2,final
2553\term 2\final\319341.pdf,2553,term 2,final
2553\term 2\final\319465.pdf,2553,term 2,final
2553\term 2\final\340361.pdf,2553,term 2,final
2553\term 2\final\341333.pdf,2553,term 2,final
2553\term 2\final\336272.pdf,2553,term 2,final
2553\term 2\final\341252.pdf,2553,term 2,final
2553\term 2\final\340171.pdf,2553,term 2,final
2553\term 2\final\342353.pdf,2553,term 2,final
2553\term 2\final\342354.pdf,2553,term 2,final
2553\term 2\final\350151.pdf,2553,term 2,final
2553\term 2\final\352371.pdf,2553,term 2,final
2553\term 2\final\342360.pdf,2553,term 2,final
2553\term 2\final\355355.pdf,2553,term 2,final
2553\term 2\final\342359.pdf,2553,term 2,final
2553\term 2\final\358334.pdf,2553,term 2,final
2553\term 2\final\359355.pdf,2553,term 2,final
2553\term 2\final\341492.pdf,2553,term 2,final
2553\term 2\final\371153.pdf,2553,term 2,final
2553\term 2\final\361222.pdf,2553,term 2,final
2553\term 2\final\361335.pdf,2553,term 2,final
2553\term 2\final\341375.pdf,2553,term 2,final
2553\term 2\final\341373.pdf,2553,term 2,final
2553\term 2\final\373354.pdf,2553,term 2,final
2553\term 2\final\371151.pdf,2553,term 2,final
2553\term 2\final\373355.pdf,2553,term 2,final
2553\term 2\final\332354.pdf,2553,term 2,final
2553\term 2\final\373424.pdf,2553,term 2,final
2553\term 2\final\392352.pdf,2553,term 2,final
2553\term 2\final\373356.pdf,2553,term 2,final
2553\term 2\final\310122.pdf,2553,term 2,final
2553\term 2\final\310153.pdf,2553,term 2,final
2553\term 2\final\310173.pdf,2553,term 2,final
2553\term 2\final\310174.pdf,2553,term 2,final
2553\term 2\final\310223.pdf,2553,term 2,final
2553\term 2\final\310253.pdf,2553,term 2,final
2553\term 2\final\310254.pdf,2553,term 2,final
2553\term 2\final\310255.pdf,2553,term 2,final
2553\term 2\final\310256.pdf,2553,term 2,final
2553\term 2\final\310257.pdf,2553,term 2,final
2553\term 2\final\310264.pdf,2553,term 2,final
2553\term 2\final\310324.pdf,2553,term 2,final
2553\term 2\final\310325.pdf,2553,term 2,final
2553\term 2\final\310326.pdf,2553,term 2,final
2553\term 2\final\310359.pdf,2553,term 2,final
2553\term 2\final\310361.pdf,2553,term 2,final
2553\term 2\final\310364.pdf,2553,term 2,final
2553\term 2\final\310421.pdf,2553,term 2,final
2553\term 2\final\311131.pdf,2553,term 2,final
2553\term 2\final\310363.pdf,2553,term 2,final
2553\term 2\final\313221.pdf,2553,term 2,final
2553\term 2\final\310251.pdf,2553,term 2,final
2553\term 2\final\310252.pdf,2553,term 2,final
2553\term 2\final\314261.pdf,2553,term 2,final
2553\term 2\final\310362.pdf,2553,term 2,final
2553\term 2\final\317574.pdf,2553,term 2,final
2553\term 2\final\320251.pdf,2553,term 2,final
2553\term 2\final\313357.pdf,2553,term 2,final
2553\term 2\final\322458.pdf,2553,term 2,final
2553\term 2\final\322492.pdf,2553,term 2,final
2553\term 2\final\324343.pdf,2553,term 2,final
2553\term 2\final\321498.pdf,2553,term 2,final
2553\term 2\final\324372.pdf,2553,term 2,final
2553\term 2\final\322494.pdf,2553,term 2,final
2553\term 2\final\325342.pdf,2553,term 2,final
2553\term 2\final\324354.pdf,2553,term 2,final
2553\term 2\final\320252.pdf,2553,term 2,final
2553\term 2\final\325371.pdf,2553,term 2,final
2553\term 2\final\324361.pdf,2553,term 2,final
2553\term 2\final\325386.pdf,2553,term 2,final
2553\term 2\final\331334.pdf,2553,term 2,final
2553\term 2\final\332352.pdf,2553,term 2,final
2553\term 2\final\332342.pdf,2553,term 2,final
2553\term 2\final\336476.pdf,2553,term 2,final
